T, AKASH, akash, akash1234, Staff
Kelvin, Pang, kelvin, kelvin123, Customer
Zi Suan, Lim, zisuan, zisuan123, Customer
Eric, Ng, eric, eric123, Customer 
Nicholas, Tan, nicholas, nicholas123, Customer
Jia Hui, Tan, jiahui, jiahui123, Customer
Rui Xuan, Tan, ruixuan, ruixuan123, Customer